<?xml version="1.0" encoding="utf-8" ?>
<dwsync>
<file name="Authenticate.php" server="ftp.happyperutours.com" local="133129126980000000" remote="133148178000000000" Dst="0" />
<file name="EncryptCookies.php" server="ftp.happyperutours.com" local="133129126980000000" remote="133148178000000000" Dst="0" />
<file name="PreventRequestsDuringMaintenance.php" server="ftp.happyperutours.com" local="133129126980000000" remote="133148178000000000" Dst="0" />
<file name="RedirectIfAuthenticated.php" server="ftp.happyperutours.com" local="133129126980000000" remote="133148178000000000" Dst="0" />
<file name="TrimStrings.php" server="ftp.happyperutours.com" local="133129126980000000" remote="133148178000000000" Dst="0" />
<file name="TrustHosts.php" server="ftp.happyperutours.com" local="133129126980000000" remote="133148178000000000" Dst="0" />
<file name="TrustProxies.php" server="ftp.happyperutours.com" local="133129126980000000" remote="133148178000000000" Dst="0" />
<file name="ValidateSignature.php" server="ftp.happyperutours.com" local="133129126980000000" remote="133148178000000000" Dst="0" />
<file name="VerifyCsrfToken.php" server="ftp.happyperutours.com" local="133129126980000000" remote="133148178000000000" Dst="0" />
</dwsync>