<?xml version="1.0" encoding="utf-8" ?>
<dwsync>
<file name="ArticleController.php" server="ftp.happyperutours.com" local="133135491048884985" remote="133150306200000000" Dst="0" />
<file name="Controller.php" server="ftp.happyperutours.com" local="133129126980000000" remote="133150306800000000" Dst="0" />
<file name="EnlacesCategorias.php" server="ftp.happyperutours.com" local="133149101133691931" remote="133159626000000000" Dst="0" />
<file name="HomeController.php" server="ftp.happyperutours.com" local="133149074256085597" remote="133150306800000000" Dst="0" />
<file name="SearchController.php" server="ftp.happyperutours.com" local="133144887150050228" remote="133150306800000000" Dst="0" />
<file name="SearchenController.php" server="ftp.happyperutours.com" local="133137661242650451" remote="133150306800000000" Dst="0" />
<file name="TourController.php" server="ftp.happyperutours.com" local="133148084700311264" remote="133148268000000000" Dst="0" />
<file name="ToursenController.php" server="ftp.happyperutours.com" local="133152393268817918" remote="133159625400000000" Dst="0" />
<file name="UserControler.php" server="ftp.happyperutours.com" local="133137123335653960" remote="133150306800000000" Dst="0" />
<file name="MailController.php" server="ftp.happyperutours.com" local="133157053163568357" remote="133157236200000000" Dst="0" />
</dwsync>